-- MySQL dump 10.13  Distrib 8.0.44, for Win64 (x86_64)
--
-- Host: localhost    Database: livraria
-- ------------------------------------------------------
-- Server version	8.0.44

/*!40101 SET @OLD_CHARACTER_SET_CLIENT=@@CHARACTER_SET_CLIENT */;
/*!40101 SET @OLD_CHARACTER_SET_RESULTS=@@CHARACTER_SET_RESULTS */;
/*!40101 SET @OLD_COLLATION_CONNECTION=@@COLLATION_CONNECTION */;
/*!50503 SET NAMES utf8 */;
/*!40103 SET @OLD_TIME_ZONE=@@TIME_ZONE */;
/*!40103 SET TIME_ZONE='+00:00' */;
/*!40014 SET @OLD_UNIQUE_CHECKS=@@UNIQUE_CHECKS, UNIQUE_CHECKS=0 */;
/*!40014 SET @OLD_FOREIGN_KEY_CHECKS=@@FOREIGN_KEY_CHECKS, FOREIGN_KEY_CHECKS=0 */;
/*!40101 SET @OLD_SQL_MODE=@@SQL_MODE, SQL_MODE='NO_AUTO_VALUE_ON_ZERO' */;
/*!40111 SET @OLD_SQL_NOTES=@@SQL_NOTES, SQL_NOTES=0 */;

--
-- Table structure for table `autor`
--

DROP TABLE IF EXISTS `autor`;
/*!40101 SET @saved_cs_client     = @@character_set_client */;
/*!50503 SET character_set_client = utf8mb4 */;
CREATE TABLE `autor` (
  `id_autor` int NOT NULL AUTO_INCREMENT,
  `nome` varchar(100) NOT NULL,
  `nacionalidade` varchar(50) DEFAULT NULL,
  `data_nascimento` date DEFAULT NULL,
  PRIMARY KEY (`id_autor`)
) ENGINE=InnoDB AUTO_INCREMENT=4 DEFAULT CHARSET=utf8mb4 COLLATE=utf8mb4_0900_ai_ci;
/*!40101 SET character_set_client = @saved_cs_client */;

--
-- Dumping data for table `autor`
--

LOCK TABLES `autor` WRITE;
/*!40000 ALTER TABLE `autor` DISABLE KEYS */;
INSERT INTO `autor` VALUES (1,'Elena Castro','Brasileira','1980-05-15'),(2,'Lucas Torres','Português','1975-11-20'),(3,'Sarah Jones','Americana','1990-01-01');
/*!40000 ALTER TABLE `autor` ENABLE KEYS */;
UNLOCK TABLES;

--
-- Table structure for table `cliente`
--

DROP TABLE IF EXISTS `cliente`;
/*!40101 SET @saved_cs_client     = @@character_set_client */;
/*!50503 SET character_set_client = utf8mb4 */;
CREATE TABLE `cliente` (
  `id_cliente` int NOT NULL AUTO_INCREMENT,
  `nome` varchar(100) NOT NULL,
  `cpf` varchar(14) NOT NULL,
  `telefone` varchar(15) DEFAULT NULL,
  `email` varchar(100) DEFAULT NULL,
  `endereco` varchar(200) DEFAULT NULL,
  PRIMARY KEY (`id_cliente`),
  UNIQUE KEY `cpf` (`cpf`)
) ENGINE=InnoDB AUTO_INCREMENT=5 DEFAULT CHARSET=utf8mb4 COLLATE=utf8mb4_0900_ai_ci;
/*!40101 SET character_set_client = @saved_cs_client */;

--
-- Dumping data for table `cliente`
--

LOCK TABLES `cliente` WRITE;
/*!40000 ALTER TABLE `cliente` DISABLE KEYS */;
INSERT INTO `cliente` VALUES (1,'Ana Silva','111.111.111-11','(11) 98765-4321','ana.silva@email.com','Rua das Flores, 100, São Paulo'),(2,'Bruno Costa','222.222.222-22','(21) 99887-7665','bruno.costa@email.com','Av. Central, 50, Rio de Janeiro'),(3,'Carla Dias','333.333.333-33','(31) 97654-3210','carla.dias@email.com','Rua Minas Gerais, 75, Belo Horizonte'),(4,'Felipe Mendes','444.444.444-44','(41) 98765-1234','felipe.mendes@email.com','Rua Curitiba, 30, Curitiba');
/*!40000 ALTER TABLE `cliente` ENABLE KEYS */;
UNLOCK TABLES;

--
-- Table structure for table `editora`
--

DROP TABLE IF EXISTS `editora`;
/*!40101 SET @saved_cs_client     = @@character_set_client */;
/*!50503 SET character_set_client = utf8mb4 */;
CREATE TABLE `editora` (
  `id_editora` int NOT NULL AUTO_INCREMENT,
  `nome` varchar(100) NOT NULL,
  `cnpj` varchar(18) DEFAULT NULL,
  `telefone` varchar(15) DEFAULT NULL,
  `contato` varchar(100) DEFAULT NULL,
  PRIMARY KEY (`id_editora`),
  UNIQUE KEY `cnpj` (`cnpj`)
) ENGINE=InnoDB AUTO_INCREMENT=3 DEFAULT CHARSET=utf8mb4 COLLATE=utf8mb4_0900_ai_ci;
/*!40101 SET character_set_client = @saved_cs_client */;

--
-- Dumping data for table `editora`
--

LOCK TABLES `editora` WRITE;
/*!40000 ALTER TABLE `editora` DISABLE KEYS */;
INSERT INTO `editora` VALUES (1,'Editora Fantasia','22.222.222/0001-22','(11) 7777-8888','Carlos Gomes'),(2,'Mundos Novos Ltda','33.333.333/0001-33','(41) 9999-0000','Sofia Rocha');
/*!40000 ALTER TABLE `editora` ENABLE KEYS */;
UNLOCK TABLES;

--
-- Table structure for table `fornecedor`
--

DROP TABLE IF EXISTS `fornecedor`;
/*!40101 SET @saved_cs_client     = @@character_set_client */;
/*!50503 SET character_set_client = utf8mb4 */;
CREATE TABLE `fornecedor` (
  `id_fornecedor` int NOT NULL AUTO_INCREMENT,
  `nome` varchar(100) NOT NULL,
  `cnpj` varchar(18) NOT NULL,
  `contato` varchar(100) DEFAULT NULL,
  `telefone` varchar(15) DEFAULT NULL,
  PRIMARY KEY (`id_fornecedor`),
  UNIQUE KEY `cnpj` (`cnpj`)
) ENGINE=InnoDB AUTO_INCREMENT=3 DEFAULT CHARSET=utf8mb4 COLLATE=utf8mb4_0900_ai_ci;
/*!40101 SET character_set_client = @saved_cs_client */;

--
-- Dumping data for table `fornecedor`
--

LOCK TABLES `fornecedor` WRITE;
/*!40000 ALTER TABLE `fornecedor` DISABLE KEYS */;
INSERT INTO `fornecedor` VALUES (1,'Fornecedora Papel Ltda','00.000.000/0001-00','Pedro Alves','(11) 3333-4444'),(2,'Distr. Canetas e Cia','11.111.111/0001-11','Lúcia Ferreira','(21) 5555-6666');
/*!40000 ALTER TABLE `fornecedor` ENABLE KEYS */;
UNLOCK TABLES;

--
-- Table structure for table `item_venda`
--

DROP TABLE IF EXISTS `item_venda`;
/*!40101 SET @saved_cs_client     = @@character_set_client */;
/*!50503 SET character_set_client = utf8mb4 */;
CREATE TABLE `item_venda` (
  `id_venda` int NOT NULL,
  `seq_item` int NOT NULL,
  `quantidade` int NOT NULL,
  `preco_unitario` decimal(10,2) NOT NULL,
  `id_livro` int DEFAULT NULL,
  `id_papelaria` int DEFAULT NULL,
  PRIMARY KEY (`id_venda`,`seq_item`),
  KEY `id_livro` (`id_livro`),
  KEY `id_papelaria` (`id_papelaria`),
  CONSTRAINT `item_venda_ibfk_1` FOREIGN KEY (`id_venda`) REFERENCES `venda` (`id_venda`) ON DELETE CASCADE,
  CONSTRAINT `item_venda_ibfk_2` FOREIGN KEY (`id_livro`) REFERENCES `livro` (`id_livro`) ON DELETE RESTRICT,
  CONSTRAINT `item_venda_ibfk_3` FOREIGN KEY (`id_papelaria`) REFERENCES `papelaria` (`id_papelaria`) ON DELETE RESTRICT,
  CONSTRAINT `item_venda_chk_1` CHECK (((`id_livro` is not null) xor (`id_papelaria` is not null)))
) ENGINE=InnoDB DEFAULT CHARSET=utf8mb4 COLLATE=utf8mb4_0900_ai_ci;
/*!40101 SET character_set_client = @saved_cs_client */;

--
-- Dumping data for table `item_venda`
--

LOCK TABLES `item_venda` WRITE;
/*!40000 ALTER TABLE `item_venda` DISABLE KEYS */;
INSERT INTO `item_venda` VALUES (1,1,1,45.50,2,NULL),(1,2,1,19.90,NULL,1),(1,3,2,4.50,NULL,2),(2,1,1,79.90,1,NULL),(3,1,1,120.00,3,NULL);
/*!40000 ALTER TABLE `item_venda` ENABLE KEYS */;
UNLOCK TABLES;

--
-- Table structure for table `livro`
--

DROP TABLE IF EXISTS `livro`;
/*!40101 SET @saved_cs_client     = @@character_set_client */;
/*!50503 SET character_set_client = utf8mb4 */;
CREATE TABLE `livro` (
  `id_livro` int NOT NULL AUTO_INCREMENT,
  `titulo` varchar(255) NOT NULL,
  `isbn` varchar(17) NOT NULL,
  `preco` decimal(10,2) NOT NULL,
  `quantidade_estoque` int NOT NULL,
  `id_editora` int NOT NULL,
  PRIMARY KEY (`id_livro`),
  UNIQUE KEY `isbn` (`isbn`),
  KEY `id_editora` (`id_editora`),
  CONSTRAINT `livro_ibfk_1` FOREIGN KEY (`id_editora`) REFERENCES `editora` (`id_editora`) ON DELETE RESTRICT
) ENGINE=InnoDB AUTO_INCREMENT=4 DEFAULT CHARSET=utf8mb4 COLLATE=utf8mb4_0900_ai_ci;
/*!40101 SET character_set_client = @saved_cs_client */;

--
-- Dumping data for table `livro`
--

LOCK TABLES `livro` WRITE;
/*!40000 ALTER TABLE `livro` DISABLE KEYS */;
INSERT INTO `livro` VALUES (1,'O Enigma do Tempo','978-8578870347',87.89,50,1),(2,'A Biblioteca Secreta','978-8532511032',45.50,120,2),(3,'As Crônicas de Atlas','978-8580570381',120.00,30,1);
/*!40000 ALTER TABLE `livro` ENABLE KEYS */;
UNLOCK TABLES;

--
-- Table structure for table `livro_autor`
--

DROP TABLE IF EXISTS `livro_autor`;
/*!40101 SET @saved_cs_client     = @@character_set_client */;
/*!50503 SET character_set_client = utf8mb4 */;
CREATE TABLE `livro_autor` (
  `id_livro` int NOT NULL,
  `id_autor` int NOT NULL,
  PRIMARY KEY (`id_livro`,`id_autor`),
  KEY `id_autor` (`id_autor`),
  CONSTRAINT `livro_autor_ibfk_1` FOREIGN KEY (`id_livro`) REFERENCES `livro` (`id_livro`) ON DELETE CASCADE,
  CONSTRAINT `livro_autor_ibfk_2` FOREIGN KEY (`id_autor`) REFERENCES `autor` (`id_autor`) ON DELETE CASCADE
) ENGINE=InnoDB DEFAULT CHARSET=utf8mb4 COLLATE=utf8mb4_0900_ai_ci;
/*!40101 SET character_set_client = @saved_cs_client */;

--
-- Dumping data for table `livro_autor`
--

LOCK TABLES `livro_autor` WRITE;
/*!40000 ALTER TABLE `livro_autor` DISABLE KEYS */;
INSERT INTO `livro_autor` VALUES (1,1),(3,1),(2,2),(3,3);
/*!40000 ALTER TABLE `livro_autor` ENABLE KEYS */;
UNLOCK TABLES;

--
-- Table structure for table `papelaria`
--

DROP TABLE IF EXISTS `papelaria`;
/*!40101 SET @saved_cs_client     = @@character_set_client */;
/*!50503 SET character_set_client = utf8mb4 */;
CREATE TABLE `papelaria` (
  `id_papelaria` int NOT NULL AUTO_INCREMENT,
  `nome` varchar(100) NOT NULL,
  `marca` varchar(50) NOT NULL,
  `categoria` varchar(50) DEFAULT NULL,
  `preco` decimal(10,2) NOT NULL,
  `quantidade_estoque` int NOT NULL,
  `id_fornecedor` int NOT NULL,
  PRIMARY KEY (`id_papelaria`),
  KEY `id_fornecedor` (`id_fornecedor`),
  CONSTRAINT `papelaria_ibfk_1` FOREIGN KEY (`id_fornecedor`) REFERENCES `fornecedor` (`id_fornecedor`) ON DELETE RESTRICT
) ENGINE=InnoDB AUTO_INCREMENT=4 DEFAULT CHARSET=utf8mb4 COLLATE=utf8mb4_0900_ai_ci;
/*!40101 SET character_set_client = @saved_cs_client */;

--
-- Dumping data for table `papelaria`
--

LOCK TABLES `papelaria` WRITE;
/*!40000 ALTER TABLE `papelaria` DISABLE KEYS */;
INSERT INTO `papelaria` VALUES (1,'Caderno Universitário','Tilibra','Escolar',19.90,200,1),(2,'Caneta Gel Azul','Pilot','Escrita',4.50,500,2),(3,'Bloco de Notas Post-it','3M','Escritório',15.00,80,1);
/*!40000 ALTER TABLE `papelaria` ENABLE KEYS */;
UNLOCK TABLES;

--
-- Table structure for table `venda`
--

DROP TABLE IF EXISTS `venda`;
/*!40101 SET @saved_cs_client     = @@character_set_client */;
/*!50503 SET character_set_client = utf8mb4 */;
CREATE TABLE `venda` (
  `id_venda` int NOT NULL AUTO_INCREMENT,
  `data_venda` datetime NOT NULL,
  `valor_total` decimal(10,2) NOT NULL,
  `forma_pagamento` varchar(50) DEFAULT NULL,
  `id_cliente` int NOT NULL,
  `id_vendedor` int NOT NULL,
  PRIMARY KEY (`id_venda`),
  KEY `id_cliente` (`id_cliente`),
  KEY `id_vendedor` (`id_vendedor`),
  CONSTRAINT `venda_ibfk_1` FOREIGN KEY (`id_cliente`) REFERENCES `cliente` (`id_cliente`) ON DELETE RESTRICT,
  CONSTRAINT `venda_ibfk_2` FOREIGN KEY (`id_vendedor`) REFERENCES `vendedor` (`id_vendedor`) ON DELETE RESTRICT
) ENGINE=InnoDB AUTO_INCREMENT=4 DEFAULT CHARSET=utf8mb4 COLLATE=utf8mb4_0900_ai_ci;
/*!40101 SET character_set_client = @saved_cs_client */;

--
-- Dumping data for table `venda`
--

LOCK TABLES `venda` WRITE;
/*!40000 ALTER TABLE `venda` DISABLE KEYS */;
INSERT INTO `venda` VALUES (1,'2025-10-25 10:30:00',125.40,'Cartão de Crédito',1,1),(2,'2025-10-25 15:45:00',79.90,'PIX',2,2),(3,'2025-10-26 11:00:00',120.00,'Débito',3,1);
/*!40000 ALTER TABLE `venda` ENABLE KEYS */;
UNLOCK TABLES;

--
-- Table structure for table `vendedor`
--

DROP TABLE IF EXISTS `vendedor`;
/*!40101 SET @saved_cs_client     = @@character_set_client */;
/*!50503 SET character_set_client = utf8mb4 */;
CREATE TABLE `vendedor` (
  `id_vendedor` int NOT NULL AUTO_INCREMENT,
  `nome` varchar(100) NOT NULL,
  `cargo` varchar(50) NOT NULL,
  `telefone` varchar(15) DEFAULT NULL,
  `comissao` decimal(5,2) DEFAULT '0.00',
  PRIMARY KEY (`id_vendedor`)
) ENGINE=InnoDB AUTO_INCREMENT=3 DEFAULT CHARSET=utf8mb4 COLLATE=utf8mb4_0900_ai_ci;
/*!40101 SET character_set_client = @saved_cs_client */;

--
-- Dumping data for table `vendedor`
--

LOCK TABLES `vendedor` WRITE;
/*!40000 ALTER TABLE `vendedor` DISABLE KEYS */;
INSERT INTO `vendedor` VALUES (1,'João Vianna','Consultor Sênior','(11) 91234-5678',5.00),(2,'Maria Souza','Consultor Júnior','(11) 98765-4321',3.50);
/*!40000 ALTER TABLE `vendedor` ENABLE KEYS */;
UNLOCK TABLES;
/*!40103 SET TIME_ZONE=@OLD_TIME_ZONE */;

/*!40101 SET SQL_MODE=@OLD_SQL_MODE */;
/*!40014 SET FOREIGN_KEY_CHECKS=@OLD_FOREIGN_KEY_CHECKS */;
/*!40014 SET UNIQUE_CHECKS=@OLD_UNIQUE_CHECKS */;
/*!40101 SET CHARACTER_SET_CLIENT=@OLD_CHARACTER_SET_CLIENT */;
/*!40101 SET CHARACTER_SET_RESULTS=@OLD_CHARACTER_SET_RESULTS */;
/*!40101 SET COLLATION_CONNECTION=@OLD_COLLATION_CONNECTION */;
/*!40111 SET SQL_NOTES=@OLD_SQL_NOTES */;

-- Dump completed on 2025-11-13 23:08:58
